items,sentiment_score_definition,relevance_score_definition,feed
50,x <= -0.35: Bearish; -0.35 < x <= -0.15: Somewhat-Bearish; -0.15 < x < 0.15: Neutral; 0.15 <= x < 0.35: Somewhat_Bullish; x >= 0.35: Bullish,"0 < x <= 1, with a higher score indicating higher relevance.","{'title': 'Large-scale LNG Terminals Market Size & Share to Surpass USD 3.2 billion by 2031 | Transparency Market Research, Inc.', 'url': 'https://www.benzinga.com/pressreleases/23/12/g36181681/large-scale-lng-terminals-market-size-share-to-surpass-usd-3-2-billion-by-2031-transparency-market', 'time_published': '20231211T180000', 'authors': ['Globe Newswire'], 'summary': 'Wilmington, Delaware, United States, Dec. 11, 2023 ( GLOBE NEWSWIRE ) -- Transparency Market Research Inc. - The market for large-scale LNG terminals is projected to surge at a CAGR of 3.9% between 2023 and 2031.', 'banner_image': 'https://www.benzinga.com/next-assets/images/schema-image-default.png', 'source': 'Benzinga', 'category_within_source': 'General', 'source_domain': 'www.benzinga.com', 'topics': [{'topic': 'Energy & Transportation', 'relevance_score': '0.5'}, {'topic': 'Financial Markets', 'relevance_score': '0.929393'}, {'topic': 'Manufacturing', 'relevance_score': '0.5'}], 'overall_sentiment_score': 0.437252, 'overall_sentiment_label': 'Bullish', 'ticker_sentiment': [{'ticker': 'CETY', 'relevance_score': '0.032691', 'ticker_sentiment_score': '0.363009', 'ticker_sentiment_label': 'Bullish'}, {'ticker': 'TTE', 'relevance_score': '0.065327', 'ticker_sentiment_score': '0.267275', 'ticker_sentiment_label': 'Somewhat-Bullish'}, {'ticker': 'COP', 'relevance_score': '0.032691', 'ticker_sentiment_score': '0.0', 'ticker_sentiment_label': 'Neutral'}, {'ticker': 'RYDAF', 'relevance_score': '0.065327', 'ticker_sentiment_score': '0.301165', 'ticker_sentiment_label': 'Somewhat-Bullish'}, {'ticker': 'SRE', 'relevance_score': '0.032691', 'ticker_sentiment_score': '0.333715', 'ticker_sentiment_label': 'Somewhat-Bullish'}, {'ticker': 'XOM', 'relevance_score': '0.130217', 'ticker_sentiment_score': '0.290429', 'ticker_sentiment_label': 'Somewhat-Bullish'}]}"
50,x <= -0.35: Bearish; -0.35 < x <= -0.15: Somewhat-Bearish; -0.15 < x < 0.15: Neutral; 0.15 <= x < 0.35: Somewhat_Bullish; x >= 0.35: Bullish,"0 < x <= 1, with a higher score indicating higher relevance.","{'title': 'Reunion Gold Comments on the Border Controversy Between Guyana and Venezuela', 'url': 'https://www.globenewswire.com/news-release/2023/12/11/2794132/0/en/Reunion-Gold-Comments-on-the-Border-Controversy-Between-Guyana-and-Venezuela.html', 'time_published': '20231211T172500', 'authors': ['Reunion Gold Corporation'], 'summary': 'LONGUEUIL, Québec, Dec. 11, 2023 ( GLOBE NEWSWIRE ) -- Reunion Gold Corporation ( TSXV: RGD. OTCQX: RGDFF ) ( the ""Company"" or ""Reunion Gold"" ) wishes to comment on the border controversy between the Co-operative Republic of Guyana and the Bolivarian Republic of Venezuela following a consultative ...', 'banner_image': 'https://ml.globenewswire.com/Resource/Download/6e51f9e9-5cfe-4103-90b5-523cc72bb74a', 'source': 'GlobeNewswire', 'category_within_source': 'n/a', 'source_domain': 'www.globenewswire.com', 'topics': [{'topic': 'Energy & Transportation', 'relevance_score': '1.0'}], 'overall_sentiment_score': 0.089061, 'overall_sentiment_label': 'Neutral', 'ticker_sentiment': [{'ticker': 'GOLD', 'relevance_score': '0.037329', 'ticker_sentiment_score': '-0.080012', 'ticker_sentiment_label': 'Neutral'}, {'ticker': 'XOM', 'relevance_score': '0.037329', 'ticker_sentiment_score': '0.066031', 'ticker_sentiment_label': 'Neutral'}]}"
50,x <= -0.35: Bearish; -0.35 < x <= -0.15: Somewhat-Bearish; -0.15 < x < 0.15: Neutral; 0.15 <= x < 0.35: Somewhat_Bullish; x >= 0.35: Bullish,"0 < x <= 1, with a higher score indicating higher relevance.","{'title': 'Frontera, CGX hope to see first oil in Guyana by 2030 -executives', 'url': 'https://www.reuters.com/business/energy/frontera-cgx-hope-see-first-oil-guyana-by-2030-executives-2023-12-11/', 'time_published': '20231211T162900', 'authors': ['Reuters'], 'summary': 'Frontera, CGX hope to see first oil in Guyana by ...', 'banner_image': 'https://www.reuters.com/pf/resources/images/reuters/reuters-default.webp?d=165', 'source': 'Reuters', 'category_within_source': 'Business', 'source_domain': 'www.reuters.com', 'topics': [{'topic': 'Energy & Transportation', 'relevance_score': '1.0'}], 'overall_sentiment_score': 0.160799, 'overall_sentiment_label': 'Somewhat-Bullish', 'ticker_sentiment': [{'ticker': 'CGXEF', 'relevance_score': '0.327366', 'ticker_sentiment_score': '0.104952', 'ticker_sentiment_label': 'Neutral'}, {'ticker': 'XOM', 'relevance_score': '0.327366', 'ticker_sentiment_score': '0.112273', 'ticker_sentiment_label': 'Neutral'}]}"
50,x <= -0.35: Bearish; -0.35 < x <= -0.15: Somewhat-Bearish; -0.15 < x < 0.15: Neutral; 0.15 <= x < 0.35: Somewhat_Bullish; x >= 0.35: Bullish,"0 < x <= 1, with a higher score indicating higher relevance.","{'title': 'Zacks Value Trader Highlights: Exxon Mobil, Chevron, Diamondback Energy, Matador Resources and SLB', 'url': 'https://www.zacks.com/stock/news/2196043/zacks-value-trader-highlights-exxon-mobil-chevron-diamondback-energy-matador-resources-and-slb', 'time_published': '20231211T135400', 'authors': ['Zacks Equity Research'], 'summary': 'Exxon Mobil, Chevron, Diamondback Energy, Matador Resources and SLB are part of the Zacks Value Trader Blog.', 'banner_image': 'https://staticx-tuner.zacks.com/images/articles/main/07/420.jpg', 'source': 'Zacks Commentary', 'category_within_source': 'n/a', 'source_domain': 'www.zacks.com', 'topics': [{'topic': 'Earnings', 'relevance_score': '0.451494'}, {'topic': 'Energy & Transportation', 'relevance_score': '1.0'}, {'topic': 'Financial Markets', 'relevance_score': '0.999997'}], 'overall_sentiment_score': 0.241857, 'overall_sentiment_label': 'Somewhat-Bullish', 'ticker_sentiment': [{'ticker': 'MTDR', 'relevance_score': '0.318897', 'ticker_sentiment_score': '0.231848', 'ticker_sentiment_label': 'Somewhat-Bullish'}, {'ticker': 'CVX', 'relevance_score': '0.230892', 'ticker_sentiment_score': '0.094041', 'ticker_sentiment_label': 'Neutral'}, {'ticker': 'FANG', 'relevance_score': '0.27535', 'ticker_sentiment_score': '0.044305', 'ticker_sentiment_label': 'Neutral'}, {'ticker': 'HES', 'relevance_score': '0.046816', 'ticker_sentiment_score': '0.105671', 'ticker_sentiment_label': 'Neutral'}, {'ticker': 'XOM', 'relevance_score': '0.361407', 'ticker_sentiment_score': '0.081892', 'ticker_sentiment_label': 'Neutral'}, {'ticker': 'SLB', 'relevance_score': '0.139804', 'ticker_sentiment_score': '0.0627', 'ticker_sentiment_label': 'Neutral'}, {'ticker': 'PXD', 'relevance_score': '0.09347', 'ticker_sentiment_score': '0.148676', 'ticker_sentiment_label': 'Neutral'}]}"
50,x <= -0.35: Bearish; -0.35 < x <= -0.15: Somewhat-Bearish; -0.15 < x < 0.15: Neutral; 0.15 <= x < 0.35: Somewhat_Bullish; x >= 0.35: Bullish,"0 < x <= 1, with a higher score indicating higher relevance.","{'title': 'P/E Ratio Insights for Exxon Mobil - Exxon Mobil  ( NYSE:XOM ) ', 'url': 'https://www.benzinga.com/news/23/12/36175515/pe-ratio-insights-for-exxon-mobil', 'time_published': '20231211T133012', 'authors': ['Benzinga Insights'], 'summary': 'In the current market session, Exxon Mobil Inc. XOM price is at $99.65, after a 0.10% increase. However, over the past month, the stock fell by 4.45%, and in the past year, by 7.09%. Shareholders might be interested in knowing whether the stock is undervalued, even if the company is performing up ...', 'banner_image': 'https://cdn.benzinga.com/files/images/story/2023/movers_image_5.jpeg?width=1200&height=800&fit=crop', 'source': 'Benzinga', 'category_within_source': 'Markets', 'source_domain': 'www.benzinga.com', 'topics': [{'topic': 'Earnings', 'relevance_score': '0.310843'}, {'topic': 'Energy & Transportation', 'relevance_score': '1.0'}, {'topic': 'Financial Markets', 'relevance_score': '0.365926'}], 'overall_sentiment_score': 0.01663, 'overall_sentiment_label': 'Neutral', 'ticker_sentiment': [{'ticker': 'XOM', 'relevance_score': '0.535653', 'ticker_sentiment_score': '0.248377', 'ticker_sentiment_label': 'Somewhat-Bullish'}]}"
50,x <= -0.35: Bearish; -0.35 < x <= -0.15: Somewhat-Bearish; -0.15 < x < 0.15: Neutral; 0.15 <= x < 0.35: Somewhat_Bullish; x >= 0.35: Bullish,"0 < x <= 1, with a higher score indicating higher relevance.","{'title': 'Warren Buffett-Backed Occidental Petroleum Makes $12 Billion Deal For Permian Producer', 'url': 'https://www.investors.com/news/warren-buffett-backed-occidental-petroleum-seals-12-billion-deal-for-permian-producer/', 'time_published': '20231211T130100', 'authors': ['KIT NORTON', ""Investor's Business Daily""], 'summary': ""Warren Buffett-backed Occidental Petroleum ( OXY ) announced Monday it agreed to purchase privately held Permian Basin oil producer, CrownRock. The deal, valued at around $12 billion, would be the company's first major acquisition since 2019. OXY shares edged lower early."", 'banner_image': 'https://www.investors.com/wp-content/uploads/2021/10/Stock-oilderrick-02-adobe.jpg', 'source': 'Investors Business Daily', 'category_within_source': 'n/a', 'source_domain': 'www.investors.com', 'topics': [{'topic': 'Retail & Wholesale', 'relevance_score': '0.25'}, {'topic': 'Financial Markets', 'relevance_score': '0.989041'}, {'topic': 'Manufacturing', 'relevance_score': '0.25'}, {'topic': 'Mergers & Acquisitions', 'relevance_score': '0.158519'}, {'topic': 'Energy & Transportation', 'relevance_score': '0.25'}, {'topic': 'Finance', 'relevance_score': '0.25'}], 'overall_sentiment_score': 0.082888, 'overall_sentiment_label': 'Neutral', 'ticker_sentiment': [{'ticker': 'OXY', 'relevance_score': '0.605937', 'ticker_sentiment_score': '0.067747', 'ticker_sentiment_label': 'Neutral'}, {'ticker': 'TSLA', 'relevance_score': '0.067919', 'ticker_sentiment_score': '0.161606', 'ticker_sentiment_label': 'Somewhat-Bullish'}, {'ticker': 'CVX', 'relevance_score': '0.329992', 'ticker_sentiment_score': '0.206332', 'ticker_sentiment_label': 'Somewhat-Bullish'}, {'ticker': 'SBUX', 'relevance_score': '0.067919', 'ticker_sentiment_score': '0.175698', 'ticker_sentiment_label': 'Somewhat-Bullish'}, {'ticker': 'BRK-A', 'relevance_score': '0.067919', 'ticker_sentiment_score': '-0.084217', 'ticker_sentiment_label': 'Neutral'}, {'ticker': 'HES', 'relevance_score': '0.135347', 'ticker_sentiment_score': '0.0', 'ticker_sentiment_label': 'Neutral'}, {'ticker': 'XOM', 'relevance_score': '0.266828', 'ticker_sentiment_score': '0.174648', 'ticker_sentiment_label': 'Somewhat-Bullish'}, {'ticker': 'PXD', 'relevance_score': '0.135347', 'ticker_sentiment_score': '0.0', 'ticker_sentiment_label': 'Neutral'}]}"
50,x <= -0.35: Bearish; -0.35 < x <= -0.15: Somewhat-Bearish; -0.15 < x < 0.15: Neutral; 0.15 <= x < 0.35: Somewhat_Bullish; x >= 0.35: Bullish,"0 < x <= 1, with a higher score indicating higher relevance.","{'title': 'Freehold Royalties Ltd. Enters into Agreements to Acquire Permian Basin Royalty Assets for CAD$112 million', 'url': 'https://www.benzinga.com/pressreleases/23/12/g36174756/freehold-royalties-ltd-enters-into-agreements-to-acquire-permian-basin-royalty-assets-for-cad-112-', 'time_published': '20231211T130013', 'authors': ['Globe Newswire'], 'summary': ""123,000 gross acres ( 2,670 net royalty acres ) predominately in the core of the Midland basin; Adds 600 boe/d of US production in 2024; 40% increase to Freehold's Permian land position; and 25% increase to Freehold's US drilling inventory."", 'banner_image': 'https://www.benzinga.com/next-assets/images/schema-image-default.png', 'source': 'Benzinga', 'category_within_source': 'General', 'source_domain': 'www.benzinga.com', 'topics': [{'topic': 'Economy - Monetary', 'relevance_score': '0.158519'}, {'topic': 'Financial Markets', 'relevance_score': '0.839681'}, {'topic': 'Earnings', 'relevance_score': '0.158519'}, {'topic': 'Mergers & Acquisitions', 'relevance_score': '0.82617'}, {'topic': 'Energy & Transportation', 'relevance_score': '1.0'}, {'topic': 'Economy - Macro', 'relevance_score': '0.158519'}], 'overall_sentiment_score': 0.197609, 'overall_sentiment_label': 'Somewhat-Bullish', 'ticker_sentiment': [{'ticker': 'AWON', 'relevance_score': '0.01626', 'ticker_sentiment_score': '0.038626', 'ticker_sentiment_label': 'Neutral'}, {'ticker': 'MRO', 'relevance_score': '0.01626', 'ticker_sentiment_score': '0.116746', 'ticker_sentiment_label': 'Neutral'}, {'ticker': 'FANG', 'relevance_score': '0.01626', 'ticker_sentiment_score': '0.116746', 'ticker_sentiment_label': 'Neutral'}, {'ticker': 'PXD', 'relevance_score': '0.032513', 'ticker_sentiment_score': '0.107016', 'ticker_sentiment_label': 'Neutral'}, {'ticker': 'FRHLF', 'relevance_score': '0.01626', 'ticker_sentiment_score': '0.090263', 'ticker_sentiment_label': 'Neutral'}, {'ticker': 'XOM', 'relevance_score': '0.032513', 'ticker_sentiment_score': '0.107016', 'ticker_sentiment_label': 'Neutral'}]}"
50,x <= -0.35: Bearish; -0.35 < x <= -0.15: Somewhat-Bearish; -0.15 < x < 0.15: Neutral; 0.15 <= x < 0.35: Somewhat_Bullish; x >= 0.35: Bullish,"0 < x <= 1, with a higher score indicating higher relevance.","{'title': 'Freehold Royalties Ltd. Enters into Agreements to Acquire Permian Basin Royalty Assets for CAD$112 million', 'url': 'https://www.globenewswire.com/news-release/2023/12/11/2793831/0/en/Freehold-Royalties-Ltd-Enters-into-Agreements-to-Acquire-Permian-Basin-Royalty-Assets-for-CAD-112-million.html', 'time_published': '20231211T130000', 'authors': ['Freehold Royalties Ltd.'], 'summary': 'Highlights ...', 'banner_image': 'https://ml.globenewswire.com/Resource/Download/159d9b07-c38f-46a2-a376-1c4913564142', 'source': 'GlobeNewswire', 'category_within_source': 'n/a', 'source_domain': 'www.globenewswire.com', 'topics': [{'topic': 'Economy - Monetary', 'relevance_score': '0.158519'}, {'topic': 'Financial Markets', 'relevance_score': '0.744043'}, {'topic': 'Earnings', 'relevance_score': '0.158519'}, {'topic': 'Mergers & Acquisitions', 'relevance_score': '0.82617'}, {'topic': 'Energy & Transportation', 'relevance_score': '1.0'}, {'topic': 'Economy - Macro', 'relevance_score': '0.158519'}], 'overall_sentiment_score': 0.197722, 'overall_sentiment_label': 'Somewhat-Bullish', 'ticker_sentiment': [{'ticker': 'AWON', 'relevance_score': '0.01653', 'ticker_sentiment_score': '0.041285', 'ticker_sentiment_label': 'Neutral'}, {'ticker': 'MRO', 'relevance_score': '0.01653', 'ticker_sentiment_score': '0.08206', 'ticker_sentiment_label': 'Neutral'}, {'ticker': 'FANG', 'relevance_score': '0.01653', 'ticker_sentiment_score': '0.08206', 'ticker_sentiment_label': 'Neutral'}, {'ticker': 'PXD', 'relevance_score': '0.033052', 'ticker_sentiment_score': '0.092399', 'ticker_sentiment_label': 'Neutral'}, {'ticker': 'FRHLF', 'relevance_score': '0.01653', 'ticker_sentiment_score': '0.083294', 'ticker_sentiment_label': 'Neutral'}, {'ticker': 'XOM', 'relevance_score': '0.033052', 'ticker_sentiment_score': '0.092399', 'ticker_sentiment_label': 'Neutral'}]}"
50,x <= -0.35: Bearish; -0.35 < x <= -0.15: Somewhat-Bearish; -0.15 < x < 0.15: Neutral; 0.15 <= x < 0.35: Somewhat_Bullish; x >= 0.35: Bullish,"0 < x <= 1, with a higher score indicating higher relevance.","{'title': ""Business booms on sidelines of COP28 as 'startup village' clinch deals"", 'url': 'https://www.business-standard.com/world-news/business-booms-on-sidelines-of-cop28-as-startup-village-clinch-deals-123121100827_1.html', 'time_published': '20231211T122635', 'authors': ['Reuters'], 'summary': 'A stand in the COP28 ""startup village"" has proved the arena to gain high level access and even clinch deals on the sidelines of UN climate talks that are striving for an agreement as countries argue over the future use of fossil fuels.', 'banner_image': 'https://bsmedia.business-standard.com/_media/bs/img/article/2023-12/04/full/1701706185-3186.jpg?im=FeatureCrop,size=(826,465)', 'source': 'Business Standard', 'category_within_source': 'GoogleRSS', 'source_domain': 'www.business-standard.com', 'topics': [{'topic': 'Energy & Transportation', 'relevance_score': '1.0'}], 'overall_sentiment_score': 0.203509, 'overall_sentiment_label': 'Somewhat-Bullish', 'ticker_sentiment': [{'ticker': 'STECF', 'relevance_score': '0.052455', 'ticker_sentiment_score': '0.115582', 'ticker_sentiment_label': 'Neutral'}, {'ticker': 'XOM', 'relevance_score': '0.052455', 'ticker_sentiment_score': '0.0', 'ticker_sentiment_label': 'Neutral'}]}"
50,x <= -0.35: Bearish; -0.35 < x <= -0.15: Somewhat-Bearish; -0.15 < x < 0.15: Neutral; 0.15 <= x < 0.35: Somewhat_Bullish; x >= 0.35: Bullish,"0 < x <= 1, with a higher score indicating higher relevance.","{'title': 'Occidental to pay $12 billion to buy private Permian Basin company CrownRock', 'url': 'https://www.marketwatch.com/story/occidental-to-pay-12b-to-buy-private-permian-basin-company-crownrock-a88d1921', 'time_published': '20231211T122400', 'authors': ['Steve Gelsi'], 'summary': 'Occidental plans to finance the deal with $9.1 billion of new debt and issuing about $1.7 billion of common equity, while assuming $1.2 billion of existing CrownRock debt.', 'banner_image': 'https://images.mktw.net/im-96326494/social', 'source': 'MarketWatch', 'category_within_source': 'Top Stories', 'source_domain': 'www.marketwatch.com', 'topics': [{'topic': 'Mergers & Acquisitions', 'relevance_score': '0.158519'}, {'topic': 'Energy & Transportation', 'relevance_score': '1.0'}, {'topic': 'Financial Markets', 'relevance_score': '0.918141'}], 'overall_sentiment_score': 0.021203, 'overall_sentiment_label': 'Neutral', 'ticker_sentiment': [{'ticker': 'OXY', 'relevance_score': '0.377142', 'ticker_sentiment_score': '0.023521', 'ticker_sentiment_label': 'Neutral'}, {'ticker': 'PXD', 'relevance_score': '0.377142', 'ticker_sentiment_score': '0.05761', 'ticker_sentiment_label': 'Neutral'}, {'ticker': 'XOM', 'relevance_score': '0.377142', 'ticker_sentiment_score': '0.05761', 'ticker_sentiment_label': 'Neutral'}]}"
50,x <= -0.35: Bearish; -0.35 < x <= -0.15: Somewhat-Bearish; -0.15 < x < 0.15: Neutral; 0.15 <= x < 0.35: Somewhat_Bullish; x >= 0.35: Bullish,"0 < x <= 1, with a higher score indicating higher relevance.","{'title': ""Chevron  ( CVX ) -Hess' $53B Merger Faces Regulatory Scrutiny"", 'url': 'https://www.zacks.com/stock/news/2195976/chevron-cvx-hess-53b-merger-faces-regulatory-scrutiny', 'time_published': '20231211T121600', 'authors': ['Zacks Equity Research'], 'summary': 'Chevron (CVX) and Hess face heightened FTC scrutiny in its $53 billion deal. Antitrust concerns echo in a dynamic regulatory landscape, impacting industry dynamics.', 'banner_image': 'https://staticx-tuner.zacks.com/images/articles/main/a4/2005.jpg', 'source': 'Zacks Commentary', 'category_within_source': 'n/a', 'source_domain': 'www.zacks.com', 'topics': [{'topic': 'Energy & Transportation', 'relevance_score': '1.0'}, {'topic': 'Financial Markets', 'relevance_score': '0.108179'}], 'overall_sentiment_score': 0.207669, 'overall_sentiment_label': 'Somewhat-Bullish', 'ticker_sentiment': [{'ticker': 'CVX', 'relevance_score': '0.44809', 'ticker_sentiment_score': '0.254367', 'ticker_sentiment_label': 'Somewhat-Bullish'}, {'ticker': 'PXD', 'relevance_score': '0.134968', 'ticker_sentiment_score': '0.034886', 'ticker_sentiment_label': 'Neutral'}, {'ticker': 'HES', 'relevance_score': '0.503424', 'ticker_sentiment_score': '0.183538', 'ticker_sentiment_label': 'Somewhat-Bullish'}, {'ticker': 'XOM', 'relevance_score': '0.266101', 'ticker_sentiment_score': '-0.038035', 'ticker_sentiment_label': 'Neutral'}]}"
50,x <= -0.35: Bearish; -0.35 < x <= -0.15: Somewhat-Bearish; -0.15 < x < 0.15: Neutral; 0.15 <= x < 0.35: Somewhat_Bullish; x >= 0.35: Bullish,"0 < x <= 1, with a higher score indicating higher relevance.","{'title': 'Occidental Petroleum to buy Permian producer CrownRock for $12 billion, raise dividend', 'url': 'https://www.cnbc.com/2023/12/11/occidental-petroleum-to-buy-permian-producer-crownrock-for-12-billion-raise-dividend.html', 'time_published': '20231211T120110', 'authors': ['Spencer Kimball'], 'summary': 'Occidental Petroleum has agreed to buy CrownRock, a major privately held energy producer that operates in the Permian Basin, for $12 billion.', 'banner_image': 'https://image.cnbcfm.com/api/v1/image/105349869-1532460780123gettyimages-567367207.jpeg?v=1702297417&w=1920&h=1080', 'source': 'CNBC', 'category_within_source': 'Top News', 'source_domain': 'www.cnbc.com', 'topics': [{'topic': 'Energy & Transportation', 'relevance_score': '0.5'}, {'topic': 'Finance', 'relevance_score': '0.5'}, {'topic': 'Financial Markets', 'relevance_score': '0.684621'}], 'overall_sentiment_score': 0.044817, 'overall_sentiment_label': 'Neutral', 'ticker_sentiment': [{'ticker': 'OXY', 'relevance_score': '0.123526', 'ticker_sentiment_score': '0.218772', 'ticker_sentiment_label': 'Somewhat-Bullish'}, {'ticker': 'PXD', 'relevance_score': '0.123526', 'ticker_sentiment_score': '0.0', 'ticker_sentiment_label': 'Neutral'}, {'ticker': 'BRK-A', 'relevance_score': '0.123526', 'ticker_sentiment_score': '0.066322', 'ticker_sentiment_label': 'Neutral'}, {'ticker': 'XOM', 'relevance_score': '0.123526', 'ticker_sentiment_score': '0.0', 'ticker_sentiment_label': 'Neutral'}]}"
50,x <= -0.35: Bearish; -0.35 < x <= -0.15: Somewhat-Bearish; -0.15 < x < 0.15: Neutral; 0.15 <= x < 0.35: Somewhat_Bullish; x >= 0.35: Bullish,"0 < x <= 1, with a higher score indicating higher relevance.","{'title': 'American Institute of Chemical Engineers Honors Organizations and Leaders for Empowering Possibilities', 'url': 'https://www.benzinga.com/pressreleases/23/12/g36173491/american-institute-of-chemical-engineers-honors-organizations-and-leaders-for-empowering-possibili', 'time_published': '20231211T120000', 'authors': ['Globe Newswire'], 'summary': 'NEW YORK, Dec. 11, 2023 ( GLOBE NEWSWIRE ) -- The American Institute of Chemical Engineers ( AIChE ) celebrated the contributions of the companies and the leaders of AdvanSix Inc. and Air Products, and showcased the good works of chemical engineers and their employers, at the 2023 AIChE Gala, ...', 'banner_image': 'https://www.benzinga.com/next-assets/images/schema-image-default.png', 'source': 'Benzinga', 'category_within_source': 'News', 'source_domain': 'www.benzinga.com', 'topics': [{'topic': 'Energy & Transportation', 'relevance_score': '0.5'}, {'topic': 'Life Sciences', 'relevance_score': '0.5'}, {'topic': 'Financial Markets', 'relevance_score': '0.360215'}], 'overall_sentiment_score': 0.389186, 'overall_sentiment_label': 'Bullish', 'ticker_sentiment': [{'ticker': 'CC', 'relevance_score': '0.046724', 'ticker_sentiment_score': '-0.099607', 'ticker_sentiment_label': 'Neutral'}, {'ticker': 'ASIX', 'relevance_score': '0.274834', 'ticker_sentiment_score': '0.339044', 'ticker_sentiment_label': 'Somewhat-Bullish'}, {'ticker': 'XOM', 'relevance_score': '0.093289', 'ticker_sentiment_score': '-0.106241', 'ticker_sentiment_label': 'Neutral'}]}"
50,x <= -0.35: Bearish; -0.35 < x <= -0.15: Somewhat-Bearish; -0.15 < x < 0.15: Neutral; 0.15 <= x < 0.35: Somewhat_Bullish; x >= 0.35: Bullish,"0 < x <= 1, with a higher score indicating higher relevance.","{'title': 'Business booms on the sidelines of COP28', 'url': 'https://www.reuters.com/business/environment/business-booms-sidelines-cop28-2023-12-11/', 'time_published': '20231211T113600', 'authors': ['Sarah Mcfarlane', 'Simon Jessop'], 'summary': 'Business booms on the sidelines of ...', 'banner_image': 'https://s3.amazonaws.com/arc-authors/reuters/fbb68980-b48c-4418-a7f2-2ce9b13c2759.png', 'source': 'Reuters', 'category_within_source': 'Business', 'source_domain': 'www.reuters.com', 'topics': [{'topic': 'Energy & Transportation', 'relevance_score': '1.0'}], 'overall_sentiment_score': 0.212402, 'overall_sentiment_label': 'Somewhat-Bullish', 'ticker_sentiment': [{'ticker': 'STECF', 'relevance_score': '0.048621', 'ticker_sentiment_score': '0.114991', 'ticker_sentiment_label': 'Neutral'}, {'ticker': 'XOM', 'relevance_score': '0.048621', 'ticker_sentiment_score': '0.0', 'ticker_sentiment_label': 'Neutral'}]}"
50,x <= -0.35: Bearish; -0.35 < x <= -0.15: Somewhat-Bearish; -0.15 < x < 0.15: Neutral; 0.15 <= x < 0.35: Somewhat_Bullish; x >= 0.35: Bullish,"0 < x <= 1, with a higher score indicating higher relevance.","{'title': 'Is This Under-the-Radar Electric Vehicle Stock Really As Cheap As It Looks?', 'url': 'https://www.fool.com/investing/2023/12/11/is-this-ev-stock-really-as-cheap-as-it-looks/', 'time_published': '20231211T105600', 'authors': ['Rich Smith'], 'summary': ""Should Albemarle's billions in earnings -- but mere hundreds of millions in free cash flow -- concern you?"", 'banner_image': 'https://g.foolcdn.com/editorial/images/757710/dice-labeled-buy-and-sell-rolling-on-a-stock-chart.jpg', 'source': 'Motley Fool', 'category_within_source': 'n/a', 'source_domain': 'www.fool.com', 'topics': [{'topic': 'Life Sciences', 'relevance_score': '0.333333'}, {'topic': 'Financial Markets', 'relevance_score': '0.108179'}, {'topic': 'Earnings', 'relevance_score': '0.976671'}, {'topic': 'Energy & Transportation', 'relevance_score': '0.333333'}, {'topic': 'Technology', 'relevance_score': '0.333333'}], 'overall_sentiment_score': 0.085923, 'overall_sentiment_label': 'Neutral', 'ticker_sentiment': [{'ticker': 'PLL', 'relevance_score': '0.055236', 'ticker_sentiment_score': '-0.107014', 'ticker_sentiment_label': 'Neutral'}, {'ticker': 'SGML', 'relevance_score': '0.055236', 'ticker_sentiment_score': '-0.107014', 'ticker_sentiment_label': 'Neutral'}, {'ticker': 'ALB', 'relevance_score': '0.51159', 'ticker_sentiment_score': '0.172973', 'ticker_sentiment_label': 'Somewhat-Bullish'}, {'ticker': 'XOM', 'relevance_score': '0.110209', 'ticker_sentiment_score': '-0.04942', 'ticker_sentiment_label': 'Neutral'}, {'ticker': 'SPGI', 'relevance_score': '0.055236', 'ticker_sentiment_score': '0.111848', 'ticker_sentiment_label': 'Neutral'}, {'ticker': 'LTHM', 'relevance_score': '0.110209', 'ticker_sentiment_score': '0.13566', 'ticker_sentiment_label': 'Neutral'}, {'ticker': 'SQM', 'relevance_score': '0.110209', 'ticker_sentiment_score': '0.13566', 'ticker_sentiment_label': 'Neutral'}, {'ticker': 'LAC', 'relevance_score': '0.055236', 'ticker_sentiment_score': '-0.107014', 'ticker_sentiment_label': 'Neutral'}]}"
50,x <= -0.35: Bearish; -0.35 < x <= -0.15: Somewhat-Bearish; -0.15 < x < 0.15: Neutral; 0.15 <= x < 0.35: Somewhat_Bullish; x >= 0.35: Bullish,"0 < x <= 1, with a higher score indicating higher relevance.","{'title': ""Dangote refinery's diesel and JetA1 to hit the market early next year, petrol to be delayed"", 'url': 'https://africa.businessinsider.com/local/markets/dangote-refinerys-diesel-and-jeta1-to-hit-the-market-early-next-year-petrol-to-be/sm9p4l5', 'time_published': '20231211T074439', 'authors': ['Adekunle Agbetiloye'], 'summary': 'This is because the facility requires a minimum of six million barrels of crude oil to kick-start the full production of refined petroleum products including Automotive Gas Oil ( diesel ) , Premium Motor Spirit ( petrol ) , Jet A1 ( aviation fuel ) , and Dual Purpose Kerosene ( kerosene ) .', 'banner_image': 'https://ocdn.eu/pulscms-transforms/1/_sqktkpTURBXy9jYzAzZTE3ZDJjMmQ2MDdhMWQ1YjY5MzcxMGFhZjdiOS5qcGeSlQMAAM0FAM0C0JMFzQMWzQGu', 'source': 'Business Insider', 'category_within_source': 'GoogleRSS', 'source_domain': 'africa.businessinsider.com', 'topics': [{'topic': 'Energy & Transportation', 'relevance_score': '1.0'}], 'overall_sentiment_score': -0.128759, 'overall_sentiment_label': 'Neutral', 'ticker_sentiment': [{'ticker': 'XOM', 'relevance_score': '0.107016', 'ticker_sentiment_score': '0.0', 'ticker_sentiment_label': 'Neutral'}]}"
50,x <= -0.35: Bearish; -0.35 < x <= -0.15: Somewhat-Bearish; -0.15 < x < 0.15: Neutral; 0.15 <= x < 0.35: Somewhat_Bullish; x >= 0.35: Bullish,"0 < x <= 1, with a higher score indicating higher relevance.","{'title': 'Exxon Gets More Confident Its Low-Carbon Bets Will Pay Off', 'url': 'https://www.barrons.com/articles/exxon-mobil-stock-low-carbon-oil-bfe4fc20', 'time_published': '20231211T070000', 'authors': ['Avi Salzman'], 'summary': 'Exxon Mobil Gets More Confident Its Lithium and Hydrogen Bets Will Pay Off ...', 'banner_image': 'https://images.barrons.com/im-70091712/social', 'source': 'Barrons', 'category_within_source': 'n/a', 'source_domain': 'www.barrons.com', 'topics': [{'topic': 'Energy & Transportation', 'relevance_score': '1.0'}, {'topic': 'Financial Markets', 'relevance_score': '0.108179'}], 'overall_sentiment_score': -0.097047, 'overall_sentiment_label': 'Neutral', 'ticker_sentiment': [{'ticker': 'XOM', 'relevance_score': '0.733479', 'ticker_sentiment_score': '-0.157954', 'ticker_sentiment_label': 'Somewhat-Bearish'}]}"
50,x <= -0.35: Bearish; -0.35 < x <= -0.15: Somewhat-Bearish; -0.15 < x < 0.15: Neutral; 0.15 <= x < 0.35: Somewhat_Bullish; x >= 0.35: Bullish,"0 < x <= 1, with a higher score indicating higher relevance.","{'title': 'Papua New Guinea in advanced talks with Chinese banks to fund its stakes in LNG megaprojects', 'url': 'https://www.reuters.com/business/energy/papua-new-guinea-advanced-talks-with-chinese-banks-fund-its-stakes-lng-2023-12-11/', 'time_published': '20231211T054200', 'authors': ['Lewis Jackson'], 'summary': 'Papua New Guinea in advanced talks with Chinese banks to fund its stakes in ...', 'banner_image': 'https://s3.amazonaws.com/arc-authors/reuters/9d57d1e4-784b-46ee-9107-4b59de68fd0a.png', 'source': 'Reuters', 'category_within_source': 'Business', 'source_domain': 'www.reuters.com', 'topics': [{'topic': 'Energy & Transportation', 'relevance_score': '1.0'}, {'topic': 'Financial Markets', 'relevance_score': '0.108179'}], 'overall_sentiment_score': 0.172782, 'overall_sentiment_label': 'Somewhat-Bullish', 'ticker_sentiment': [{'ticker': 'BCMXY', 'relevance_score': '0.091509', 'ticker_sentiment_score': '0.0', 'ticker_sentiment_label': 'Neutral'}, {'ticker': 'TTE', 'relevance_score': '0.091509', 'ticker_sentiment_score': '0.0', 'ticker_sentiment_label': 'Neutral'}, {'ticker': 'BACHY', 'relevance_score': '0.091509', 'ticker_sentiment_score': '0.0', 'ticker_sentiment_label': 'Neutral'}, {'ticker': 'XOM', 'relevance_score': '0.091509', 'ticker_sentiment_score': '0.0', 'ticker_sentiment_label': 'Neutral'}]}"
50,x <= -0.35: Bearish; -0.35 < x <= -0.15: Somewhat-Bearish; -0.15 < x < 0.15: Neutral; 0.15 <= x < 0.35: Somewhat_Bullish; x >= 0.35: Bullish,"0 < x <= 1, with a higher score indicating higher relevance.","{'title': 'Guyana agreed to talks with Venezuela over territorial dispute under pressure from Brazil, others', 'url': 'https://apnews.com/article/guyana-venezuela-essequibo-oil-united-nations-maduro-fd9e3a3275de8d88dc0a0982f8e7cda4', 'time_published': '20231210T204111', 'authors': ['BERT WILKINSON'], 'summary': 'GEORGETOWN, Guyana ( AP ) - The government of Guyana, under pressure from neighboring Brazil and a Caribbean trading bloc, agreed Sunday to join bilateral talks with Venezuela over an escalating territorial dispute. The century-old dispute between the two South American nations recently ...', 'banner_image': 'https://dims.apnews.com/dims4/default/ee8c6af/2147483647/strip/true/crop/6000x3997+0+2/resize/599x399!/quality/90/?url=https%3A%2F%2Fassets.apnews.com%2F14%2Fb6%2F422c0ff543297bc4fd48b96f8280%2F289d3ef4f56840e9a8d2e6b0da9a5db4', 'source': 'Associated Press', 'category_within_source': 'Markets', 'source_domain': 'apnews.com', 'topics': [{'topic': 'Energy & Transportation', 'relevance_score': '1.0'}], 'overall_sentiment_score': 0.044098, 'overall_sentiment_label': 'Neutral', 'ticker_sentiment': [{'ticker': 'XOM', 'relevance_score': '0.064797', 'ticker_sentiment_score': '0.072325', 'ticker_sentiment_label': 'Neutral'}]}"
50,x <= -0.35: Bearish; -0.35 < x <= -0.15: Somewhat-Bearish; -0.15 < x < 0.15: Neutral; 0.15 <= x < 0.35: Somewhat_Bullish; x >= 0.35: Bullish,"0 < x <= 1, with a higher score indicating higher relevance.","{'title': '3 Monster Dividend Stocks to Buy Before the New Year', 'url': 'https://www.fool.com/investing/2023/12/10/3-monster-dividend-stocks-buy-before-the-new-year/', 'time_published': '20231210T131500', 'authors': ['Daniel Foelber', 'Scott Levine', 'and Lee Samaha'], 'summary': 'Investing in equal parts of each stock produces a forward yield of 4.9%.', 'banner_image': 'https://g.foolcdn.com/image/?url=https%3A%2F%2Fg.foolcdn.com%2Feditorial%2Fimages%2F757726%2Fgettyimages-1500346929-1200x800-5b2df79.jpg&op=resize&w=700', 'source': 'Motley Fool', 'category_within_source': 'n/a', 'source_domain': 'www.fool.com', 'topics': [{'topic': 'Earnings', 'relevance_score': '0.682689'}, {'topic': 'Energy & Transportation', 'relevance_score': '1.0'}, {'topic': 'Financial Markets', 'relevance_score': '0.980922'}], 'overall_sentiment_score': 0.352928, 'overall_sentiment_label': 'Bullish', 'ticker_sentiment': [{'ticker': 'AEP', 'relevance_score': '0.311335', 'ticker_sentiment_score': '0.396957', 'ticker_sentiment_label': 'Bullish'}, {'ticker': 'PXD', 'relevance_score': '0.039944', 'ticker_sentiment_score': '0.157867', 'ticker_sentiment_label': 'Somewhat-Bullish'}, {'ticker': 'KMI', 'relevance_score': '0.158781', 'ticker_sentiment_score': '0.254381', 'ticker_sentiment_label': 'Somewhat-Bullish'}, {'ticker': 'XOM', 'relevance_score': '0.119433', 'ticker_sentiment_score': '0.236206', 'ticker_sentiment_label': 'Somewhat-Bullish'}]}"
50,x <= -0.35: Bearish; -0.35 < x <= -0.15: Somewhat-Bearish; -0.15 < x < 0.15: Neutral; 0.15 <= x < 0.35: Somewhat_Bullish; x >= 0.35: Bullish,"0 < x <= 1, with a higher score indicating higher relevance.","{'title': 'Leaders of Venezuela and Guyana to meet amid border dispute', 'url': 'https://www.aljazeera.com/news/2023/12/10/leaders-of-venezuela-and-guyana-to-meet-amid-border-dispute', 'time_published': '20231210T090013', 'authors': ['Al Jazeera'], 'summary': ""The planned meeting comes after Venezuela threatened to annex the oil-rich territory of Esequibo currently in Guyana. Venezuela's President Nicolas Maduro will meet Guyana President Mohamed Irfaan Ali amid a territorial dispute between the two countries, according to a letter from Saint Vincent ..."", 'banner_image': 'https://www.aljazeera.com/wp-content/uploads/2023/12/AP23333728409640-1701446773.jpg?resize=770%2C513&quality=80', 'source': 'Al Jareeza', 'category_within_source': 'n/a', 'source_domain': 'www.aljazeera.com', 'topics': [{'topic': 'Energy & Transportation', 'relevance_score': '1.0'}], 'overall_sentiment_score': 0.080378, 'overall_sentiment_label': 'Neutral', 'ticker_sentiment': [{'ticker': 'XOM', 'relevance_score': '0.110462', 'ticker_sentiment_score': '0.160515', 'ticker_sentiment_label': 'Somewhat-Bullish'}]}"
50,x <= -0.35: Bearish; -0.35 < x <= -0.15: Somewhat-Bearish; -0.15 < x < 0.15: Neutral; 0.15 <= x < 0.35: Somewhat_Bullish; x >= 0.35: Bullish,"0 < x <= 1, with a higher score indicating higher relevance.","{'title': ""Tensions are soaring between Guyana and Venezuela over a territorial dispute. Here's what to know"", 'url': 'https://apnews.com/article/venezuela-guyana-essequibo-territory-dispute-maduro-referendum-d956cc4d5d2a70e3a1e762b744e397de', 'time_published': '20231209T161600', 'authors': ['REGINA GARCIA CANO', 'DÁNICA COTO'], 'summary': 'CARACAS, Venezuela ( AP ) - A century-old territorial dispute deepened by the is boiling over between neighbors Guyana and Venezuela. Steeped in patriotism, the Venezuelan government is seizing on the fight to boost support ahead of a presidential election among a population fed up with a ...', 'banner_image': 'https://dims.apnews.com/dims4/default/57ff0d5/2147483647/strip/true/crop/7161x4770+0+2/resize/599x399!/quality/90/?url=https%3A%2F%2Fassets.apnews.com%2F00%2Fe8%2F212140cc51b082efa38f9929c6bf%2F03d564af6ace4b3d931a7a1454fe46f8', 'source': 'Associated Press', 'category_within_source': 'Markets', 'source_domain': 'apnews.com', 'topics': [{'topic': 'Energy & Transportation', 'relevance_score': '1.0'}], 'overall_sentiment_score': -0.056073, 'overall_sentiment_label': 'Neutral', 'ticker_sentiment': [{'ticker': 'SPGI', 'relevance_score': '0.039878', 'ticker_sentiment_score': '-0.071524', 'ticker_sentiment_label': 'Neutral'}, {'ticker': 'HES', 'relevance_score': '0.039878', 'ticker_sentiment_score': '0.073435', 'ticker_sentiment_label': 'Neutral'}, {'ticker': 'XOM', 'relevance_score': '0.079656', 'ticker_sentiment_score': '0.113406', 'ticker_sentiment_label': 'Neutral'}]}"
50,x <= -0.35: Bearish; -0.35 < x <= -0.15: Somewhat-Bearish; -0.15 < x < 0.15: Neutral; 0.15 <= x < 0.35: Somewhat_Bullish; x >= 0.35: Bullish,"0 < x <= 1, with a higher score indicating higher relevance.","{'title': 'US oil production will keep booming in 2024, setting up a possible showdown with Saudi Arabia', 'url': 'https://markets.businessinsider.com/news/commodities/us-oil-production-outlook-opec-cuts-saudi-arabia-flood-market-2023-12', 'time_published': '20231209T134600', 'authors': ['Aruni Soni'], 'summary': 'US Oil Will Keep Booming in 2024, Setting up Possible Clash With Saudis - Markets Insider ...', 'banner_image': None, 'source': 'Business Insider', 'category_within_source': 'GoogleRSS', 'source_domain': 'markets.businessinsider.com', 'topics': [{'topic': 'Energy & Transportation', 'relevance_score': '1.0'}, {'topic': 'Financial Markets', 'relevance_score': '0.108179'}], 'overall_sentiment_score': 0.090918, 'overall_sentiment_label': 'Neutral', 'ticker_sentiment': [{'ticker': 'XOM', 'relevance_score': '0.139265', 'ticker_sentiment_score': '0.036479', 'ticker_sentiment_label': 'Neutral'}]}"
50,x <= -0.35: Bearish; -0.35 < x <= -0.15: Somewhat-Bearish; -0.15 < x < 0.15: Neutral; 0.15 <= x < 0.35: Somewhat_Bullish; x >= 0.35: Bullish,"0 < x <= 1, with a higher score indicating higher relevance.","{'title': '3 Things You Need to Know if You Buy Pioneer Natural Resources Today', 'url': 'https://www.fool.com/investing/2023/12/09/3-things-you-need-to-know-if-you-buy-pioneer-natur/', 'time_published': '20231209T114700', 'authors': ['Reuben Gregg Brewer'], 'summary': ""Shares of Pioneer Natural Resources aren't trading in a normal manner, and it could have a big impact on shareholders."", 'banner_image': 'https://g.foolcdn.com/image/?url=https%3A%2F%2Fg.foolcdn.com%2Feditorial%2Fimages%2F757394%2F23_08_01-a-hand-writing-top-3-on-a-clear-screen-_mf-dload.jpg&op=resize&w=700', 'source': 'Motley Fool', 'category_within_source': 'n/a', 'source_domain': 'www.fool.com', 'topics': [{'topic': 'Earnings', 'relevance_score': '0.451494'}, {'topic': 'Energy & Transportation', 'relevance_score': '1.0'}, {'topic': 'Financial Markets', 'relevance_score': '0.692272'}], 'overall_sentiment_score': 0.237145, 'overall_sentiment_label': 'Somewhat-Bullish', 'ticker_sentiment': [{'ticker': 'PXD', 'relevance_score': '0.112797', 'ticker_sentiment_score': '0.188531', 'ticker_sentiment_label': 'Somewhat-Bullish'}, {'ticker': 'XOM', 'relevance_score': '0.112797', 'ticker_sentiment_score': '0.245592', 'ticker_sentiment_label': 'Somewhat-Bullish'}]}"
50,x <= -0.35: Bearish; -0.35 < x <= -0.15: Somewhat-Bearish; -0.15 < x < 0.15: Neutral; 0.15 <= x < 0.35: Somewhat_Bullish; x >= 0.35: Bullish,"0 < x <= 1, with a higher score indicating higher relevance.","{'title': 'Beyond Occidental Petroleum: 3 Energy Stocks Taking the World by Storm', 'url': 'https://www.fool.com/investing/2023/12/09/beyond-occidental-petroleum-3-energy-stocks-taking/', 'time_published': '20231209T111700', 'authors': ['Tyler Crowe', 'Matthew DiLallo', 'and Jason Hall'], 'summary': 'These energy stocks look like better investment opportunities than Occidental Petroleum right now.', 'banner_image': 'https://g.foolcdn.com/editorial/images/757423/a-person-in-a-hardhat-and-holding-a-laptop-near-an-energy-facility.jpg', 'source': 'Motley Fool', 'category_within_source': 'n/a', 'source_domain': 'www.fool.com', 'topics': [{'topic': 'Financial Markets', 'relevance_score': '0.266143'}, {'topic': 'Earnings', 'relevance_score': '0.158519'}, {'topic': 'Energy & Transportation', 'relevance_score': '0.5'}, {'topic': 'Finance', 'relevance_score': '0.5'}], 'overall_sentiment_score': 0.206643, 'overall_sentiment_label': 'Somewhat-Bullish', 'ticker_sentiment': [{'ticker': 'ENLC', 'relevance_score': '0.163909', 'ticker_sentiment_score': '0.197409', 'ticker_sentiment_label': 'Somewhat-Bullish'}, {'ticker': 'OXY', 'relevance_score': '0.2827', 'ticker_sentiment_score': '0.304464', 'ticker_sentiment_label': 'Somewhat-Bullish'}, {'ticker': 'BIPC', 'relevance_score': '0.041251', 'ticker_sentiment_score': '0.070625', 'ticker_sentiment_label': 'Neutral'}, {'ticker': 'BRK-A', 'relevance_score': '0.041251', 'ticker_sentiment_score': '0.237489', 'ticker_sentiment_label': 'Somewhat-Bullish'}, {'ticker': 'XOM', 'relevance_score': '0.041251', 'ticker_sentiment_score': '0.045488', 'ticker_sentiment_label': 'Neutral'}, {'ticker': 'HP', 'relevance_score': '0.204072', 'ticker_sentiment_score': '0.128217', 'ticker_sentiment_label': 'Neutral'}, {'ticker': 'NEP', 'relevance_score': '0.082393', 'ticker_sentiment_score': '0.036206', 'ticker_sentiment_label': 'Neutral'}, {'ticker': 'BEP', 'relevance_score': '0.204072', 'ticker_sentiment_score': '0.235034', 'ticker_sentiment_label': 'Somewhat-Bullish'}, {'ticker': 'NEE', 'relevance_score': '0.082393', 'ticker_sentiment_score': '0.036206', 'ticker_sentiment_label': 'Neutral'}]}"
50,x <= -0.35: Bearish; -0.35 < x <= -0.15: Somewhat-Bearish; -0.15 < x < 0.15: Neutral; 0.15 <= x < 0.35: Somewhat_Bullish; x >= 0.35: Bullish,"0 < x <= 1, with a higher score indicating higher relevance.","{'title': 'Intensification of Conflict between Guyana and Venezuela', 'url': 'https://www.financialexpress.com/business/defence-intensification-of-conflict-between-guyana-and-venezuela-3334094/', 'time_published': '20231209T085107', 'authors': ['Guest'], 'summary': 'Venezuela has for decades laid claim to Essequibo, an oil and resource rich region within Guyana. Besides, it is home to 125,000 of the 800,000 population of Guyana. Historically, Essequibo was part of Venezuela during the Spanish Colonisation, which changed when this region was awarded to Guyana ...', 'banner_image': 'https://www.financialexpress.com/wp-content/uploads/2023/12/guyana.jpg', 'source': 'The Financial Express', 'category_within_source': 'n/a', 'source_domain': 'www.financialexpress.com', 'topics': [{'topic': 'Economy - Monetary', 'relevance_score': '0.158519'}, {'topic': 'Energy & Transportation', 'relevance_score': '1.0'}], 'overall_sentiment_score': 0.127521, 'overall_sentiment_label': 'Neutral', 'ticker_sentiment': [{'ticker': 'XOM', 'relevance_score': '0.03545', 'ticker_sentiment_score': '0.088455', 'ticker_sentiment_label': 'Neutral'}]}"
50,x <= -0.35: Bearish; -0.35 < x <= -0.15: Somewhat-Bearish; -0.15 < x < 0.15: Neutral; 0.15 <= x < 0.35: Somewhat_Bullish; x >= 0.35: Bullish,"0 < x <= 1, with a higher score indicating higher relevance.","{'title': 'Venezuela is not going to war over the Essequibo dispute with Guyana', 'url': 'https://www.financialexpress.com/business/defence-venezuela-is-not-going-to-war-over-the-essequibo-dispute-with-guyana-3333992/', 'time_published': '20231209T054934', 'authors': ['Guest'], 'summary': '""The authoritarian Venezuelan regime of President Maduro is about to invade the small democratic Guyana"" is a typical headline in the war mongering western media these days. Venezuela is not going to invade and occupy the disputed Essequibo region of Guyana to enforce its claim.', 'banner_image': 'https://www.financialexpress.com/wp-content/uploads/2023/12/Venezuela.png', 'source': 'The Financial Express', 'category_within_source': 'n/a', 'source_domain': 'www.financialexpress.com', 'topics': [{'topic': 'Energy & Transportation', 'relevance_score': '1.0'}], 'overall_sentiment_score': -0.172255, 'overall_sentiment_label': 'Somewhat-Bearish', 'ticker_sentiment': [{'ticker': 'XOM', 'relevance_score': '0.036037', 'ticker_sentiment_score': '0.089845', 'ticker_sentiment_label': 'Neutral'}]}"
50,x <= -0.35: Bearish; -0.35 < x <= -0.15: Somewhat-Bearish; -0.15 < x < 0.15: Neutral; 0.15 <= x < 0.35: Somewhat_Bullish; x >= 0.35: Bullish,"0 < x <= 1, with a higher score indicating higher relevance.","{'title': 'UN takes no immediate action at emergency meeting on Guyana-Venezuela dispute over oil-rich region', 'url': 'https://apnews.com/article/guyana-venezuela-un-oil-dispute-meeting-essequibo-281f713201cb312cb3dbeb3393fefafb', 'time_published': '20231209T034205', 'authors': ['EDITH M. LEDERER'], 'summary': 'UNITED NATIONS ( AP ) - The United Nations Security Council took no immediate action at a closed emergency meeting late Friday requested by Guyana after the vast oil- and mineral-rich Essequibo region that makes up a large part of its neighbor.', 'banner_image': 'https://dims.apnews.com/dims4/default/e88a105/2147483647/strip/true/crop/3091x2059+0+1/resize/599x399!/quality/90/?url=https%3A%2F%2Fassets.apnews.com%2F75%2Fc3%2F2677e316984cccf66cbefa1ab1dc%2F4a80e0df606b465fbca95afb80419841', 'source': 'Associated Press', 'category_within_source': 'Markets', 'source_domain': 'apnews.com', 'topics': [{'topic': 'Energy & Transportation', 'relevance_score': '1.0'}], 'overall_sentiment_score': 0.028962, 'overall_sentiment_label': 'Neutral', 'ticker_sentiment': [{'ticker': 'XOM', 'relevance_score': '0.087185', 'ticker_sentiment_score': '-0.009377', 'ticker_sentiment_label': 'Neutral'}, {'ticker': 'CRYPTO:ALIS', 'relevance_score': '0.087185', 'ticker_sentiment_score': '-0.166287', 'ticker_sentiment_label': 'Somewhat-Bearish'}]}"
50,x <= -0.35: Bearish; -0.35 < x <= -0.15: Somewhat-Bearish; -0.15 < x < 0.15: Neutral; 0.15 <= x < 0.35: Somewhat_Bullish; x >= 0.35: Bullish,"0 < x <= 1, with a higher score indicating higher relevance.","{'title': 'Par Pacific Announces Hawaii Renewable Cogeneration Facility Development Plans - Par Pacific Hldgs  ( NYSE:PARR ) ', 'url': 'https://www.benzinga.com/pressreleases/23/12/g36164762/par-pacific-announces-hawaii-renewable-cogeneration-facility-development-plans', 'time_published': '20231209T013741', 'authors': ['Globe Newswire'], 'summary': 'HOUSTON, Dec. 08, 2023 ( GLOBE NEWSWIRE ) -- Par Pacific Holdings, Inc. PARR ( ""Par Pacific"" or the ""Company"" ) today announced that its 30 Megawatt renewable cogeneration development project was selected as a finalist by Hawaiian Electric in connection with a January 2023 request for proposals ...', 'banner_image': 'https://www.benzinga.com/next-assets/images/schema-image-default.png', 'source': 'Benzinga', 'category_within_source': 'General', 'source_domain': 'www.benzinga.com', 'topics': [{'topic': 'Energy & Transportation', 'relevance_score': '1.0'}, {'topic': 'Financial Markets', 'relevance_score': '0.891286'}], 'overall_sentiment_score': 0.218356, 'overall_sentiment_label': 'Somewhat-Bullish', 'ticker_sentiment': [{'ticker': 'HAWEL', 'relevance_score': '0.149656', 'ticker_sentiment_score': '0.168785', 'ticker_sentiment_label': 'Somewhat-Bullish'}, {'ticker': 'PARR', 'relevance_score': '0.549581', 'ticker_sentiment_score': '0.259021', 'ticker_sentiment_label': 'Somewhat-Bullish'}, {'ticker': 'XOM', 'relevance_score': '0.050148', 'ticker_sentiment_score': '0.161508', 'ticker_sentiment_label': 'Somewhat-Bullish'}]}"
50,x <= -0.35: Bearish; -0.35 < x <= -0.15: Somewhat-Bearish; -0.15 < x < 0.15: Neutral; 0.15 <= x < 0.35: Somewhat_Bullish; x >= 0.35: Bullish,"0 < x <= 1, with a higher score indicating higher relevance.","{'title': 'Par Pacific Announces Hawaii Renewable Cogeneration Facility Development Plans', 'url': 'https://www.globenewswire.com/news-release/2023/12/09/2793417/0/en/Par-Pacific-Announces-Hawaii-Renewable-Cogeneration-Facility-Development-Plans.html', 'time_published': '20231209T013700', 'authors': ['Par Pacific Holdings', 'Inc.'], 'summary': 'HOUSTON, Dec. 08, 2023 ( GLOBE NEWSWIRE ) -- Par Pacific Holdings, Inc. ( NYSE: PARR ) ( ""Par Pacific"" or the ""Company"" ) today announced that its 30 Megawatt renewable cogeneration development project was selected as a finalist by Hawaiian Electric in connection with a January 2023 request for ...', 'banner_image': 'https://ml.globenewswire.com/Resource/Download/7fcbcbe6-e3f8-455c-97af-f695f4413acb', 'source': 'GlobeNewswire', 'category_within_source': 'n/a', 'source_domain': 'www.globenewswire.com', 'topics': [{'topic': 'Energy & Transportation', 'relevance_score': '1.0'}, {'topic': 'Financial Markets', 'relevance_score': '0.818451'}], 'overall_sentiment_score': 0.229859, 'overall_sentiment_label': 'Somewhat-Bullish', 'ticker_sentiment': [{'ticker': 'HAWEL', 'relevance_score': '0.156123', 'ticker_sentiment_score': '0.177077', 'ticker_sentiment_label': 'Somewhat-Bullish'}, {'ticker': 'PARR', 'relevance_score': '0.569155', 'ticker_sentiment_score': '0.267141', 'ticker_sentiment_label': 'Somewhat-Bullish'}, {'ticker': 'XOM', 'relevance_score': '0.05234', 'ticker_sentiment_score': '0.161781', 'ticker_sentiment_label': 'Somewhat-Bullish'}]}"
50,x <= -0.35: Bearish; -0.35 < x <= -0.15: Somewhat-Bearish; -0.15 < x < 0.15: Neutral; 0.15 <= x < 0.35: Somewhat_Bullish; x >= 0.35: Bullish,"0 < x <= 1, with a higher score indicating higher relevance.","{'title': 'Energy Stocks: Deep Value or Traps?', 'url': 'https://www.zacks.com/stock/news/2195742/energy-stocks-deep-value-or-traps', 'time_published': '20231208T201000', 'authors': ['Tracey Ryniec'], 'summary': 'Energy stocks have slumped again. Time to buy or is it a trap?', 'banner_image': 'https://staticx-tuner.zacks.com/images/articles/main/a2/2139.jpg', 'source': 'Zacks Commentary', 'category_within_source': 'n/a', 'source_domain': 'www.zacks.com', 'topics': [{'topic': 'Earnings', 'relevance_score': '0.451494'}, {'topic': 'Energy & Transportation', 'relevance_score': '1.0'}, {'topic': 'Financial Markets', 'relevance_score': '0.962106'}], 'overall_sentiment_score': 0.180981, 'overall_sentiment_label': 'Somewhat-Bullish', 'ticker_sentiment': [{'ticker': 'MTDR', 'relevance_score': '0.392362', 'ticker_sentiment_score': '0.26911', 'ticker_sentiment_label': 'Somewhat-Bullish'}, {'ticker': 'CVX', 'relevance_score': '0.286193', 'ticker_sentiment_score': '0.111718', 'ticker_sentiment_label': 'Neutral'}, {'ticker': 'FANG', 'relevance_score': '0.340134', 'ticker_sentiment_score': '0.052192', 'ticker_sentiment_label': 'Neutral'}, {'ticker': 'HES', 'relevance_score': '0.058472', 'ticker_sentiment_score': '0.106989', 'ticker_sentiment_label': 'Neutral'}, {'ticker': 'XOM', 'relevance_score': '0.44266', 'ticker_sentiment_score': '0.094413', 'ticker_sentiment_label': 'Neutral'}, {'ticker': 'SLB', 'relevance_score': '0.174167', 'ticker_sentiment_score': '0.072298', 'ticker_sentiment_label': 'Neutral'}, {'ticker': 'PXD', 'relevance_score': '0.116631', 'ticker_sentiment_score': '0.15931', 'ticker_sentiment_label': 'Somewhat-Bullish'}]}"
50,x <= -0.35: Bearish; -0.35 < x <= -0.15: Somewhat-Bearish; -0.15 < x < 0.15: Neutral; 0.15 <= x < 0.35: Somewhat_Bullish; x >= 0.35: Bullish,"0 < x <= 1, with a higher score indicating higher relevance.","{'title': 'Exclusive: Venezuela prods BP, Chevron to revive gas project near Trinidad, Guyana', 'url': 'https://www.reuters.com/business/energy/venezuela-prods-bp-chevron-revive-gas-project-near-trinidad-guyana-2023-12-08/', 'time_published': '20231208T200500', 'authors': ['Deisy Buitrago', 'Marianna Parraga', 'Curtis Williams'], 'summary': ""Venezuelan President Nicolas Maduro gestures as he attends an event at the National Electoral Council ( CNE ) after voters in a referendum rejected the International Court of Justice's ( ICJ ) jurisdiction over the country's territorial dispute with Guyana and backed the creation of a new state ..."", 'banner_image': 'https://s3.amazonaws.com/arc-authors/reuters/30e89cdb-f8b7-42a0-876b-459747be0bf2.png', 'source': 'Reuters', 'category_within_source': 'Business', 'source_domain': 'www.reuters.com', 'topics': [{'topic': 'Energy & Transportation', 'relevance_score': '1.0'}, {'topic': 'Financial Markets', 'relevance_score': '0.108179'}], 'overall_sentiment_score': -0.012082, 'overall_sentiment_label': 'Neutral', 'ticker_sentiment': [{'ticker': 'TTE', 'relevance_score': '0.043421', 'ticker_sentiment_score': '-0.274533', 'ticker_sentiment_label': 'Somewhat-Bearish'}, {'ticker': 'MEOAF', 'relevance_score': '0.043421', 'ticker_sentiment_score': '0.011856', 'ticker_sentiment_label': 'Neutral'}, {'ticker': 'XOM', 'relevance_score': '0.043421', 'ticker_sentiment_score': '-0.039721', 'ticker_sentiment_label': 'Neutral'}]}"
50,x <= -0.35: Bearish; -0.35 < x <= -0.15: Somewhat-Bearish; -0.15 < x < 0.15: Neutral; 0.15 <= x < 0.35: Somewhat_Bullish; x >= 0.35: Bullish,"0 < x <= 1, with a higher score indicating higher relevance.","{'title': 'Shale Gas Market to increase by USD 20.36 billion between 2023 to 2028, Horizontal Fracking to be the major ... - PR Newswire', 'url': 'https://www.prnewswire.com/news-releases/shale-gas-market-to-increase-by-usd-20-36-billion-between-2023-to-2028--horizontal-fracking-to-be-the-major-contributing-segment---technavio-302009637.html', 'time_published': '20231208T195000', 'authors': [], 'summary': 'Shale Gas Market to increase by USD 20.36 billion between 2023 to 2028, Horizontal Fracking to be the major ... PR ...', 'banner_image': None, 'source': 'PR Newswire', 'category_within_source': 'n/a', 'source_domain': 'www.prnewswire.com', 'topics': [{'topic': 'Energy & Transportation', 'relevance_score': '1.0'}], 'overall_sentiment_score': 0.29339, 'overall_sentiment_label': 'Somewhat-Bullish', 'ticker_sentiment': [{'ticker': 'RRC', 'relevance_score': '0.085782', 'ticker_sentiment_score': '0.053748', 'ticker_sentiment_label': 'Neutral'}, {'ticker': 'KGEI', 'relevance_score': '0.085782', 'ticker_sentiment_score': '0.053748', 'ticker_sentiment_label': 'Neutral'}, {'ticker': 'CVX', 'relevance_score': '0.085782', 'ticker_sentiment_score': '0.053748', 'ticker_sentiment_label': 'Neutral'}, {'ticker': 'TTE', 'relevance_score': '0.085782', 'ticker_sentiment_score': '0.053748', 'ticker_sentiment_label': 'Neutral'}, {'ticker': 'COP', 'relevance_score': '0.085782', 'ticker_sentiment_score': '0.053748', 'ticker_sentiment_label': 'Neutral'}, {'ticker': 'EQT', 'relevance_score': '0.085782', 'ticker_sentiment_score': '0.053748', 'ticker_sentiment_label': 'Neutral'}, {'ticker': 'SWN', 'relevance_score': '0.085782', 'ticker_sentiment_score': '0.053748', 'ticker_sentiment_label': 'Neutral'}, {'ticker': 'BP', 'relevance_score': '0.085782', 'ticker_sentiment_score': '0.053748', 'ticker_sentiment_label': 'Neutral'}, {'ticker': 'YPF', 'relevance_score': '0.085782', 'ticker_sentiment_score': '0.053748', 'ticker_sentiment_label': 'Neutral'}, {'ticker': 'RYDAF', 'relevance_score': '0.085782', 'ticker_sentiment_score': '0.053748', 'ticker_sentiment_label': 'Neutral'}, {'ticker': 'EQNR', 'relevance_score': '0.085782', 'ticker_sentiment_score': '0.053748', 'ticker_sentiment_label': 'Neutral'}, {'ticker': 'AR', 'relevance_score': '0.042953', 'ticker_sentiment_score': '0.063374', 'ticker_sentiment_label': 'Neutral'}, {'ticker': 'OXY', 'relevance_score': '0.085782', 'ticker_sentiment_score': '0.053748', 'ticker_sentiment_label': 'Neutral'}, {'ticker': 'XOM', 'relevance_score': '0.085782', 'ticker_sentiment_score': '0.053748', 'ticker_sentiment_label': 'Neutral'}, {'ticker': 'EOG', 'relevance_score': '0.085782', 'ticker_sentiment_score': '0.053748', 'ticker_sentiment_label': 'Neutral'}, {'ticker': 'PXD', 'relevance_score': '0.085782', 'ticker_sentiment_score': '0.053748', 'ticker_sentiment_label': 'Neutral'}, {'ticker': 'CTRA', 'relevance_score': '0.085782', 'ticker_sentiment_score': '0.053748', 'ticker_sentiment_label': 'Neutral'}]}"
50,x <= -0.35: Bearish; -0.35 < x <= -0.15: Somewhat-Bearish; -0.15 < x < 0.15: Neutral; 0.15 <= x < 0.35: Somewhat_Bullish; x >= 0.35: Bullish,"0 < x <= 1, with a higher score indicating higher relevance.","{'title': 'Exclusive: Endeavor Energy explores sale for as much as $30 billion-sources', 'url': 'https://www.reuters.com/business/energy/endeavor-energy-explores-sale-much-30-billion-sources-2023-12-08/', 'time_published': '20231208T185500', 'authors': ['David French', 'Anirban Sen'], 'summary': 'Exclusive: Endeavor Energy explores sale for as much as ...', 'banner_image': 'https://s3.amazonaws.com/arc-authors/test/f9933778-f234-4e05-95e5-0a2ada95c2d1.png', 'source': 'Reuters', 'category_within_source': 'Business', 'source_domain': 'www.reuters.com', 'topics': [{'topic': 'Energy & Transportation', 'relevance_score': '0.5'}, {'topic': 'Finance', 'relevance_score': '0.5'}, {'topic': 'Financial Markets', 'relevance_score': '0.108179'}], 'overall_sentiment_score': 0.147345, 'overall_sentiment_label': 'Neutral', 'ticker_sentiment': [{'ticker': 'COP', 'relevance_score': '0.07031', 'ticker_sentiment_score': '0.082357', 'ticker_sentiment_label': 'Neutral'}, {'ticker': 'PXD', 'relevance_score': '0.07031', 'ticker_sentiment_score': '0.12766', 'ticker_sentiment_label': 'Neutral'}, {'ticker': 'JPM', 'relevance_score': '0.07031', 'ticker_sentiment_score': '-0.002019', 'ticker_sentiment_label': 'Neutral'}, {'ticker': 'XOM', 'relevance_score': '0.07031', 'ticker_sentiment_score': '0.12766', 'ticker_sentiment_label': 'Neutral'}]}"
50,x <= -0.35: Bearish; -0.35 < x <= -0.15: Somewhat-Bearish; -0.15 < x < 0.15: Neutral; 0.15 <= x < 0.35: Somewhat_Bullish; x >= 0.35: Bullish,"0 < x <= 1, with a higher score indicating higher relevance.","{'title': 'Exxon Mobil Corporation  ( XOM )  is Attracting Investor Attention: Here is What You Should Know', 'url': 'https://www.zacks.com/stock/news/2195388/exxon-mobil-corporation-xom-is-attracting-investor-attention-here-is-what-you-should-know', 'time_published': '20231208T140010', 'authors': ['Zacks Equity Research'], 'summary': ""Zacks.com users have recently been watching Exxon (XOM) quite a bit. Thus, it is worth knowing the facts that could determine the stock's prospects."", 'banner_image': 'https://staticx-tuner.zacks.com/images/default_article_images/default67.jpg', 'source': 'Zacks Commentary', 'category_within_source': 'n/a', 'source_domain': 'www.zacks.com', 'topics': [{'topic': 'Earnings', 'relevance_score': '1.0'}, {'topic': 'Energy & Transportation', 'relevance_score': '1.0'}, {'topic': 'Financial Markets', 'relevance_score': '0.54554'}], 'overall_sentiment_score': 0.215527, 'overall_sentiment_label': 'Somewhat-Bullish', 'ticker_sentiment': [{'ticker': 'XOM', 'relevance_score': '0.103554', 'ticker_sentiment_score': '0.036359', 'ticker_sentiment_label': 'Neutral'}]}"
50,x <= -0.35: Bearish; -0.35 < x <= -0.15: Somewhat-Bearish; -0.15 < x < 0.15: Neutral; 0.15 <= x < 0.35: Somewhat_Bullish; x >= 0.35: Bullish,"0 < x <= 1, with a higher score indicating higher relevance.","{'title': 'Reasons to Retain ExxonMobil  ( XOM )  in Your Portfolio Now', 'url': 'https://www.zacks.com/stock/news/2195369/reasons-to-retain-exxonmobil-xom-in-your-portfolio-now', 'time_published': '20231208T135400', 'authors': ['Zacks Equity Research'], 'summary': "": Favorable oil price is a boon for ExxonMobil's (XOM) upstream operations."", 'banner_image': 'https://staticx-tuner.zacks.com/images/articles/main/40/930.jpg', 'source': 'Zacks Commentary', 'category_within_source': 'n/a', 'source_domain': 'www.zacks.com', 'topics': [{'topic': 'Financial Markets', 'relevance_score': '0.214378'}, {'topic': 'Earnings', 'relevance_score': '0.158519'}, {'topic': 'Mergers & Acquisitions', 'relevance_score': '0.158519'}, {'topic': 'Energy & Transportation', 'relevance_score': '1.0'}], 'overall_sentiment_score': 0.311197, 'overall_sentiment_label': 'Somewhat-Bullish', 'ticker_sentiment': [{'ticker': 'PXD', 'relevance_score': '0.16849', 'ticker_sentiment_score': '0.19007', 'ticker_sentiment_label': 'Somewhat-Bullish'}, {'ticker': 'SWX', 'relevance_score': '0.329551', 'ticker_sentiment_score': '0.386167', 'ticker_sentiment_label': 'Bullish'}, {'ticker': 'XOM', 'relevance_score': '0.712594', 'ticker_sentiment_score': '0.39348', 'ticker_sentiment_label': 'Bullish'}]}"
50,x <= -0.35: Bearish; -0.35 < x <= -0.15: Somewhat-Bearish; -0.15 < x < 0.15: Neutral; 0.15 <= x < 0.35: Somewhat_Bullish; x >= 0.35: Bullish,"0 < x <= 1, with a higher score indicating higher relevance.","{'title': 'FTC seeks more information on $53 bln Chevron-Hess deal', 'url': 'https://www.reuters.com/business/autos-transportation/ftc-seeks-more-information-53-bln-chevron-hess-deal-2023-12-08/', 'time_published': '20231208T133200', 'authors': ['Reuters'], 'summary': 'Chevron and Hess logos are seen in this illustration taken, October 23, 2023. REUTERS/Dado Ruvic/Illustration Acquire Licensing Rights Dec 8 ( Reuters ) - The U.S.', 'banner_image': 'https://cloudfront-us-east-2.images.arcpublishing.com/reuters/JZK7LD3IDBJKPC4TZ4G5IQS4FM.jpg', 'source': 'Reuters', 'category_within_source': 'Business', 'source_domain': 'www.reuters.com', 'topics': [{'topic': 'Energy & Transportation', 'relevance_score': '1.0'}], 'overall_sentiment_score': 0.069118, 'overall_sentiment_label': 'Neutral', 'ticker_sentiment': [{'ticker': 'PXD', 'relevance_score': '0.258351', 'ticker_sentiment_score': '0.0', 'ticker_sentiment_label': 'Neutral'}, {'ticker': 'XOM', 'relevance_score': '0.258351', 'ticker_sentiment_score': '0.0', 'ticker_sentiment_label': 'Neutral'}]}"
50,x <= -0.35: Bearish; -0.35 < x <= -0.15: Somewhat-Bearish; -0.15 < x < 0.15: Neutral; 0.15 <= x < 0.35: Somewhat_Bullish; x >= 0.35: Bullish,"0 < x <= 1, with a higher score indicating higher relevance.","{'title': '3 High-Yielding Dividend Stocks That Are Near Their 52-Week Lows', 'url': 'https://www.fool.com/investing/2023/12/08/3-high-yielding-divdend-stocks-that-are-near-their/', 'time_published': '20231208T130000', 'authors': ['David Jagielski'], 'summary': 'Buying these shares can provide you with some excellent recurring income while also diversifying your portfolio.', 'banner_image': 'https://g.foolcdn.com/editorial/images/756927/a-person-smiling-and-reviewing-their-finances.jpg', 'source': 'Motley Fool', 'category_within_source': 'n/a', 'source_domain': 'www.fool.com', 'topics': [{'topic': 'Life Sciences', 'relevance_score': '0.333333'}, {'topic': 'Financial Markets', 'relevance_score': '1.0'}, {'topic': 'Earnings', 'relevance_score': '0.310843'}, {'topic': 'Mergers & Acquisitions', 'relevance_score': '0.158519'}, {'topic': 'Energy & Transportation', 'relevance_score': '0.333333'}, {'topic': 'Technology', 'relevance_score': '0.333333'}], 'overall_sentiment_score': 0.182753, 'overall_sentiment_label': 'Somewhat-Bullish', 'ticker_sentiment': [{'ticker': 'SPLK', 'relevance_score': '0.058615', 'ticker_sentiment_score': '0.024038', 'ticker_sentiment_label': 'Neutral'}, {'ticker': 'ABBV', 'relevance_score': '0.393241', 'ticker_sentiment_score': '0.101032', 'ticker_sentiment_label': 'Neutral'}, {'ticker': 'ABT', 'relevance_score': '0.058615', 'ticker_sentiment_score': '0.106992', 'ticker_sentiment_label': 'Neutral'}, {'ticker': 'CSCO', 'relevance_score': '0.286864', 'ticker_sentiment_score': '0.095978', 'ticker_sentiment_label': 'Neutral'}, {'ticker': 'PXD', 'relevance_score': '0.058615', 'ticker_sentiment_score': '0.061005', 'ticker_sentiment_label': 'Neutral'}, {'ticker': 'XOM', 'relevance_score': '0.286864', 'ticker_sentiment_score': '0.138537', 'ticker_sentiment_label': 'Neutral'}]}"
50,x <= -0.35: Bearish; -0.35 < x <= -0.15: Somewhat-Bearish; -0.15 < x < 0.15: Neutral; 0.15 <= x < 0.35: Somewhat_Bullish; x >= 0.35: Bullish,"0 < x <= 1, with a higher score indicating higher relevance.","{'title': ""Just 12 Companies Will Churn Out 25% Of The U.S.' Profit This Year"", 'url': 'https://www.investors.com/etfs-and-funds/sectors/sp500-just-companies-will-churn-out-25-of-the-u-s-profit-this-year/', 'time_published': '20231208T130000', 'authors': [""Investor's Business Daily"", 'MATT KRANTZ'], 'summary': 'A quarter of U.S. corporate profits this year will come from just a dozen companies, analysts say. And investors are willing to pay up generously for these profit machines.', 'banner_image': 'https://www.investors.com/wp-content/uploads/2022/05/RETIRE_dollars-052022_adobe.jpg', 'source': 'Investors Business Daily', 'category_within_source': 'n/a', 'source_domain': 'www.investors.com', 'topics': [{'topic': 'Financial Markets', 'relevance_score': '0.161647'}, {'topic': 'Earnings', 'relevance_score': '0.310843'}, {'topic': 'Energy & Transportation', 'relevance_score': '0.333333'}, {'topic': 'Technology', 'relevance_score': '0.333333'}, {'topic': 'Finance', 'relevance_score': '0.333333'}], 'overall_sentiment_score': 0.359717, 'overall_sentiment_label': 'Bullish', 'ticker_sentiment': [{'ticker': 'MSFT', 'relevance_score': '0.313817', 'ticker_sentiment_score': '0.311069', 'ticker_sentiment_label': 'Somewhat-Bullish'}, {'ticker': 'SPGI', 'relevance_score': '0.080458', 'ticker_sentiment_score': '0.164161', 'ticker_sentiment_label': 'Somewhat-Bullish'}, {'ticker': 'AAPL', 'relevance_score': '0.313817', 'ticker_sentiment_score': '0.3277', 'ticker_sentiment_label': 'Somewhat-Bullish'}, {'ticker': 'BAC', 'relevance_score': '0.160099', 'ticker_sentiment_score': '0.211662', 'ticker_sentiment_label': 'Somewhat-Bullish'}, {'ticker': 'JPM', 'relevance_score': '0.238133', 'ticker_sentiment_score': '0.224298', 'ticker_sentiment_label': 'Somewhat-Bullish'}, {'ticker': 'XOM', 'relevance_score': '0.160099', 'ticker_sentiment_score': '0.211662', 'ticker_sentiment_label': 'Somewhat-Bullish'}]}"
50,x <= -0.35: Bearish; -0.35 < x <= -0.15: Somewhat-Bearish; -0.15 < x < 0.15: Neutral; 0.15 <= x < 0.35: Somewhat_Bullish; x >= 0.35: Bullish,"0 < x <= 1, with a higher score indicating higher relevance.","{'title': 'ExxonMobil  ( XOM )  CEO Foresees Lengthy Guyana-Venezuela Dispute', 'url': 'https://www.zacks.com/stock/news/2195252/exxonmobil-xom-ceo-foresees-lengthy-guyana-venezuela-dispute', 'time_published': '20231208T120200', 'authors': ['Zacks Equity Research'], 'summary': ""ExxonMobil's (XOM) CEO outlines the company's strategic plan while cautioning a prolonged wait for resolution in the Guyana-Venezuela dispute, citing a complex arbitration process."", 'banner_image': 'https://staticx-tuner.zacks.com/images/articles/main/4e/1601.jpg', 'source': 'Zacks Commentary', 'category_within_source': 'n/a', 'source_domain': 'www.zacks.com', 'topics': [{'topic': 'Earnings', 'relevance_score': '0.614606'}, {'topic': 'Energy & Transportation', 'relevance_score': '1.0'}, {'topic': 'Financial Markets', 'relevance_score': '0.158519'}], 'overall_sentiment_score': 0.372993, 'overall_sentiment_label': 'Bullish', 'ticker_sentiment': [{'ticker': 'MTDR', 'relevance_score': '0.288893', 'ticker_sentiment_score': '0.336995', 'ticker_sentiment_label': 'Somewhat-Bullish'}, {'ticker': 'LBRT', 'relevance_score': '0.288893', 'ticker_sentiment_score': '0.356043', 'ticker_sentiment_label': 'Bullish'}, {'ticker': 'VNOM', 'relevance_score': '0.288893', 'ticker_sentiment_score': '0.321598', 'ticker_sentiment_label': 'Somewhat-Bullish'}, {'ticker': 'XOM', 'relevance_score': '0.356609', 'ticker_sentiment_score': '0.283857', 'ticker_sentiment_label': 'Somewhat-Bullish'}]}"
50,x <= -0.35: Bearish; -0.35 < x <= -0.15: Somewhat-Bearish; -0.15 < x < 0.15: Neutral; 0.15 <= x < 0.35: Somewhat_Bullish; x >= 0.35: Bullish,"0 < x <= 1, with a higher score indicating higher relevance.","{'title': 'ExxonMobil Has the Fuel to Potentially Produce Phenomenal Total Returns Through 2027', 'url': 'https://www.fool.com/investing/2023/12/08/exxonmobil-has-the-fuel-to-produce-phenomenal-tota/', 'time_published': '20231208T114800', 'authors': ['Matthew DiLallo'], 'summary': ""The oil giant's corporate plan could create a lot of value for its shareholders."", 'banner_image': 'https://g.foolcdn.com/image/?url=https%3A%2F%2Fg.foolcdn.com%2Feditorial%2Fimages%2F757399%2Fxom-surplus-cash.jpg&op=resize&w=700', 'source': 'Motley Fool', 'category_within_source': 'n/a', 'source_domain': 'www.fool.com', 'topics': [{'topic': 'Earnings', 'relevance_score': '0.972193'}, {'topic': 'Energy & Transportation', 'relevance_score': '1.0'}, {'topic': 'Financial Markets', 'relevance_score': '0.365926'}], 'overall_sentiment_score': 0.284074, 'overall_sentiment_label': 'Somewhat-Bullish', 'ticker_sentiment': [{'ticker': 'PXD', 'relevance_score': '0.120431', 'ticker_sentiment_score': '0.119563', 'ticker_sentiment_label': 'Neutral'}, {'ticker': 'CRBO', 'relevance_score': '0.060388', 'ticker_sentiment_score': '0.117084', 'ticker_sentiment_label': 'Neutral'}, {'ticker': 'XOM', 'relevance_score': '0.120431', 'ticker_sentiment_score': '0.094442', 'ticker_sentiment_label': 'Neutral'}]}"
50,x <= -0.35: Bearish; -0.35 < x <= -0.15: Somewhat-Bearish; -0.15 < x < 0.15: Neutral; 0.15 <= x < 0.35: Somewhat_Bullish; x >= 0.35: Bullish,"0 < x <= 1, with a higher score indicating higher relevance.","{'title': ""Nigeria's Dangote refinery set to receive first crude cargo"", 'url': 'https://www.reuters.com/business/energy/nigerias-dangote-refinery-set-receive-first-crude-cargo-2023-12-08/', 'time_published': '20231208T100400', 'authors': ['Reuters'], 'summary': 'A view of the newly-commissioned Dangote Petroleum refinery in Ibeju-Lekki, Lagos, Nigeria May 22, 2023. REUTERS/Temilade Adelaja/File Photo Acquire Licensing Rights', 'banner_image': 'https://cloudfront-us-east-2.images.arcpublishing.com/reuters/NH4T4UJGL5L4DIXO6GYHYZCM5Q.jpg', 'source': 'Reuters', 'category_within_source': 'Business', 'source_domain': 'www.reuters.com', 'topics': [{'topic': 'Energy & Transportation', 'relevance_score': '1.0'}, {'topic': 'Financial Markets', 'relevance_score': '0.108179'}], 'overall_sentiment_score': -0.048993, 'overall_sentiment_label': 'Neutral', 'ticker_sentiment': [{'ticker': 'XOM', 'relevance_score': '0.123526', 'ticker_sentiment_score': '0.0', 'ticker_sentiment_label': 'Neutral'}]}"
50,x <= -0.35: Bearish; -0.35 < x <= -0.15: Somewhat-Bearish; -0.15 < x < 0.15: Neutral; 0.15 <= x < 0.35: Somewhat_Bullish; x >= 0.35: Bullish,"0 < x <= 1, with a higher score indicating higher relevance.","{'title': ""'Excess profits' at big energy and consumer companies pushed up inflation, report claims"", 'url': 'https://www.cnbc.com/2023/12/08/excess-profits-of-big-firms-have-driven-up-inflation-report-claims.html', 'time_published': '20231208T065206', 'authors': ['Jenni Reid'], 'summary': 'The report identified Shell, Exxon Mobil, Glencore and Kraft Heinz as among the firms that saw profits ""far outpace"" inflation.', 'banner_image': 'https://image.cnbcfm.com/api/v1/image/107343564-17018126451701812643-32325872612-1080pnbcnews.jpg?v=1701812644&w=750&h=422&vtcrop=y', 'source': 'CNBC', 'category_within_source': 'Economy', 'source_domain': 'www.cnbc.com', 'topics': [{'topic': 'Economy - Monetary', 'relevance_score': '0.972193'}, {'topic': 'Energy & Transportation', 'relevance_score': '0.5'}, {'topic': 'Manufacturing', 'relevance_score': '0.5'}], 'overall_sentiment_score': -0.048357, 'overall_sentiment_label': 'Neutral', 'ticker_sentiment': [{'ticker': 'TSCDF', 'relevance_score': '0.062434', 'ticker_sentiment_score': '-0.08123', 'ticker_sentiment_label': 'Neutral'}, {'ticker': 'GLCNF', 'relevance_score': '0.124486', 'ticker_sentiment_score': '-0.101076', 'ticker_sentiment_label': 'Neutral'}, {'ticker': 'KHC', 'relevance_score': '0.062434', 'ticker_sentiment_score': '-0.005077', 'ticker_sentiment_label': 'Neutral'}, {'ticker': 'XOM', 'relevance_score': '0.062434', 'ticker_sentiment_score': '-0.005077', 'ticker_sentiment_label': 'Neutral'}, {'ticker': 'FOREX:EUR', 'relevance_score': '0.062434', 'ticker_sentiment_score': '0.059008', 'ticker_sentiment_label': 'Neutral'}]}"
50,x <= -0.35: Bearish; -0.35 < x <= -0.15: Somewhat-Bearish; -0.15 < x < 0.15: Neutral; 0.15 <= x < 0.35: Somewhat_Bullish; x >= 0.35: Bullish,"0 < x <= 1, with a higher score indicating higher relevance.","{'title': 'Australia energy giants Woodside and Santos in talks to create $52 billion gas powerhouse', 'url': 'https://www.cnbc.com/2023/12/08/australia-oil-and-gas-producers-woodside-and-santos-in-merger-talks.html', 'time_published': '20231208T035502', 'authors': ['Lee Ying Shan'], 'summary': 'Santos and Woodside Energy have opened talks to discuss a potential merger in what could create a $52 billion oil and gas behemoth.', 'banner_image': 'https://image.cnbcfm.com/api/v1/image/101931895-470201181.jpg?v=1532564433&w=1920&h=1080', 'source': 'CNBC', 'category_within_source': 'Top News', 'source_domain': 'www.cnbc.com', 'topics': [{'topic': 'Mergers & Acquisitions', 'relevance_score': '0.360215'}, {'topic': 'Energy & Transportation', 'relevance_score': '1.0'}], 'overall_sentiment_score': 0.122762, 'overall_sentiment_label': 'Neutral', 'ticker_sentiment': [{'ticker': 'PXD', 'relevance_score': '0.126119', 'ticker_sentiment_score': '0.106507', 'ticker_sentiment_label': 'Neutral'}, {'ticker': 'OGFGF', 'relevance_score': '0.126119', 'ticker_sentiment_score': '-0.200955', 'ticker_sentiment_label': 'Somewhat-Bearish'}, {'ticker': 'WDS', 'relevance_score': '0.249106', 'ticker_sentiment_score': '0.139688', 'ticker_sentiment_label': 'Neutral'}, {'ticker': 'XOM', 'relevance_score': '0.126119', 'ticker_sentiment_score': '0.106507', 'ticker_sentiment_label': 'Neutral'}]}"
50,x <= -0.35: Bearish; -0.35 < x <= -0.15: Somewhat-Bearish; -0.15 < x < 0.15: Neutral; 0.15 <= x < 0.35: Somewhat_Bullish; x >= 0.35: Bullish,"0 < x <= 1, with a higher score indicating higher relevance.","{'title': ""UN to hold emergency meeting at Guyana's request on Venezuelan claim to a vast oil-rich region"", 'url': 'https://apnews.com/article/venezuela-guyana-un-dispute-oil-essequibo-fc2437e2c566ee0c9f2b340404d4724f', 'time_published': '20231208T001642', 'authors': ['EDITH M. LEDERER'], 'summary': ""UNITED NATIONS ( AP ) - The U.N. Security Council scheduled an emergency closed meeting Friday at the request of Guyana following Venezuela's weekend referendum claiming the vast oil- and mineral-rich Essequibo region that makes up a large part of its neighbor."", 'banner_image': 'https://dims.apnews.com/dims4/default/e88a105/2147483647/strip/true/crop/3091x2059+0+1/resize/599x399!/quality/90/?url=https%3A%2F%2Fassets.apnews.com%2F75%2Fc3%2F2677e316984cccf66cbefa1ab1dc%2F4a80e0df606b465fbca95afb80419841', 'source': 'Associated Press', 'category_within_source': 'Markets', 'source_domain': 'apnews.com', 'topics': [{'topic': 'Energy & Transportation', 'relevance_score': '1.0'}], 'overall_sentiment_score': -0.120062, 'overall_sentiment_label': 'Neutral', 'ticker_sentiment': [{'ticker': 'XOM', 'relevance_score': '0.085324', 'ticker_sentiment_score': '-0.009336', 'ticker_sentiment_label': 'Neutral'}, {'ticker': 'CRYPTO:ALIS', 'relevance_score': '0.085324', 'ticker_sentiment_score': '-0.165649', 'ticker_sentiment_label': 'Somewhat-Bearish'}]}"
50,x <= -0.35: Bearish; -0.35 < x <= -0.15: Somewhat-Bearish; -0.15 < x < 0.15: Neutral; 0.15 <= x < 0.35: Somewhat_Bullish; x >= 0.35: Bullish,"0 < x <= 1, with a higher score indicating higher relevance.","{'title': ""Venezuela Brands US-Guyana Military Drills 'Provocation'"", 'url': 'https://www.barrons.com/news/venezuela-brands-us-guyana-military-drills-provocation-fbd5599b', 'time_published': '20231207T193200', 'authors': ['AFP - Agence France Presse'], 'summary': 'Venezuelan Defense Minister Vladimir Padrino Lopez on Thursday denounced US-Guyana military flight drills as a ""provocation"" as tensions spiral over the contested oil-rich region of Essequibo. ""This unfortunate provocation by the United States in favor... of ExxonMobil in Guyana is another step ...', 'banner_image': 'https://asset.barrons.com/barrons/images/afp-metadata-default.jpg', 'source': 'Barrons', 'category_within_source': 'n/a', 'source_domain': 'www.barrons.com', 'topics': [{'topic': 'Energy & Transportation', 'relevance_score': '1.0'}], 'overall_sentiment_score': -0.192011, 'overall_sentiment_label': 'Somewhat-Bearish', 'ticker_sentiment': [{'ticker': 'XOM', 'relevance_score': '0.395012', 'ticker_sentiment_score': '-0.30168', 'ticker_sentiment_label': 'Somewhat-Bearish'}]}"
50,x <= -0.35: Bearish; -0.35 < x <= -0.15: Somewhat-Bearish; -0.15 < x < 0.15: Neutral; 0.15 <= x < 0.35: Somewhat_Bullish; x >= 0.35: Bullish,"0 < x <= 1, with a higher score indicating higher relevance.","{'title': 'What the Venezuela-Guyana border dispute means for oil prices', 'url': 'https://www.marketwatch.com/story/what-the-venezuela-guyana-border-dispute-means-for-oil-prices-712480c7', 'time_published': '20231207T191200', 'authors': ['Myra P. Saefong'], 'summary': 'A land dispute between Venezuela and Guyana has the potential to stir up the oil market.', 'banner_image': 'https://images.mktw.net/im-54648409?width=700&height=371', 'source': 'MarketWatch', 'category_within_source': 'Top Stories', 'source_domain': 'www.marketwatch.com', 'topics': [{'topic': 'Energy & Transportation', 'relevance_score': '1.0'}, {'topic': 'Financial Markets', 'relevance_score': '0.310843'}], 'overall_sentiment_score': -0.02179, 'overall_sentiment_label': 'Neutral', 'ticker_sentiment': [{'ticker': 'SPGI', 'relevance_score': '0.033052', 'ticker_sentiment_score': '0.049649', 'ticker_sentiment_label': 'Neutral'}, {'ticker': 'DSSMY', 'relevance_score': '0.09893', 'ticker_sentiment_score': '-0.017214', 'ticker_sentiment_label': 'Neutral'}, {'ticker': 'HES', 'relevance_score': '0.066047', 'ticker_sentiment_score': '0.029219', 'ticker_sentiment_label': 'Neutral'}, {'ticker': 'XOM', 'relevance_score': '0.066047', 'ticker_sentiment_score': '0.029219', 'ticker_sentiment_label': 'Neutral'}]}"
50,x <= -0.35: Bearish; -0.35 < x <= -0.15: Somewhat-Bearish; -0.15 < x < 0.15: Neutral; 0.15 <= x < 0.35: Somewhat_Bullish; x >= 0.35: Bullish,"0 < x <= 1, with a higher score indicating higher relevance.","{'title': '3 Energy Stocks to Buy Hand Over Fist in December', 'url': 'https://www.fool.com/investing/2023/12/07/3-energy-stocks-to-buy-hand-over-fist-in-december/', 'time_published': '20231207T180000', 'authors': ['Travis Hoium'], 'summary': 'The energy industry still has a bright future despite some ups and downs in recent years.', 'banner_image': 'https://g.foolcdn.com/image/?url=https%3A%2F%2Fg.foolcdn.com%2Feditorial%2Fimages%2F756544%2Fbalancing-oil-assets.jpg&op=resize&w=700', 'source': 'Motley Fool', 'category_within_source': 'n/a', 'source_domain': 'www.fool.com', 'topics': [{'topic': 'Economy - Monetary', 'relevance_score': '0.310843'}, {'topic': 'Financial Markets', 'relevance_score': '0.684621'}, {'topic': 'Energy & Transportation', 'relevance_score': '1.0'}, {'topic': 'Economy - Macro', 'relevance_score': '0.158519'}], 'overall_sentiment_score': 0.22834, 'overall_sentiment_label': 'Somewhat-Bullish', 'ticker_sentiment': [{'ticker': 'NEP', 'relevance_score': '0.340915', 'ticker_sentiment_score': '0.249272', 'ticker_sentiment_label': 'Somewhat-Bullish'}, {'ticker': 'SRGRF', 'relevance_score': '0.275867', 'ticker_sentiment_score': '0.263279', 'ticker_sentiment_label': 'Somewhat-Bullish'}, {'ticker': 'NEE', 'relevance_score': '0.275867', 'ticker_sentiment_score': '0.212854', 'ticker_sentiment_label': 'Somewhat-Bullish'}, {'ticker': 'XOM', 'relevance_score': '0.275867', 'ticker_sentiment_score': '0.395806', 'ticker_sentiment_label': 'Bullish'}]}"
50,x <= -0.35: Bearish; -0.35 < x <= -0.15: Somewhat-Bearish; -0.15 < x < 0.15: Neutral; 0.15 <= x < 0.35: Somewhat_Bullish; x >= 0.35: Bullish,"0 < x <= 1, with a higher score indicating higher relevance.","{'title': ""Behind the Scenes of Exxon Mobil's Latest Options Trends - Exxon Mobil  ( NYSE:XOM ) "", 'url': 'https://www.benzinga.com/markets/options/23/12/36137701/behind-the-scenes-of-exxon-mobils-latest-options-trends', 'time_published': '20231207T163244', 'authors': ['Benzinga Insights'], 'summary': ""Deep-pocketed investors have adopted a bearish approach towards Exxon Mobil XOM, and it's something market players shouldn't ignore. Our tracking of public options records at Benzinga unveiled this significant move today."", 'banner_image': 'https://cdn.benzinga.com/files/images/story/2023/movers_image_1.jpeg?width=1200&height=800&fit=crop', 'source': 'Benzinga', 'category_within_source': 'Markets', 'source_domain': 'www.benzinga.com', 'topics': [{'topic': 'Earnings', 'relevance_score': '0.310843'}, {'topic': 'Energy & Transportation', 'relevance_score': '1.0'}, {'topic': 'Financial Markets', 'relevance_score': '0.365926'}], 'overall_sentiment_score': 0.205027, 'overall_sentiment_label': 'Somewhat-Bullish', 'ticker_sentiment': [{'ticker': 'XOM', 'relevance_score': '0.722944', 'ticker_sentiment_score': '0.258989', 'ticker_sentiment_label': 'Somewhat-Bullish'}]}"
50,x <= -0.35: Bearish; -0.35 < x <= -0.15: Somewhat-Bearish; -0.15 < x < 0.15: Neutral; 0.15 <= x < 0.35: Somewhat_Bullish; x >= 0.35: Bullish,"0 < x <= 1, with a higher score indicating higher relevance.","{'title': 'ExxonMobil  ( XOM )  Expects Raised Earnings & Oil Production', 'url': 'https://www.zacks.com/stock/news/2194868/exxonmobil-xom-expects-raised-earnings-oil-production', 'time_published': '20231207T160400', 'authors': ['Zacks Equity Research'], 'summary': 'ExxonMobil (XOM) also plans to raise its annual share buybacks to $20 billion through 2025, up from the current $17.5 billion.', 'banner_image': 'https://staticx-tuner.zacks.com/images/articles/main/d4/1323.jpg', 'source': 'Zacks Commentary', 'category_within_source': 'n/a', 'source_domain': 'www.zacks.com', 'topics': [{'topic': 'Earnings', 'relevance_score': '0.838487'}, {'topic': 'Energy & Transportation', 'relevance_score': '0.5'}, {'topic': 'Finance', 'relevance_score': '0.5'}], 'overall_sentiment_score': 0.317045, 'overall_sentiment_label': 'Somewhat-Bullish', 'ticker_sentiment': [{'ticker': 'LBRT', 'relevance_score': '0.1789', 'ticker_sentiment_score': '0.176651', 'ticker_sentiment_label': 'Somewhat-Bullish'}, {'ticker': 'PACX', 'relevance_score': '0.060085', 'ticker_sentiment_score': '0.102001', 'ticker_sentiment_label': 'Neutral'}, {'ticker': 'EOG', 'relevance_score': '0.236972', 'ticker_sentiment_score': '0.343728', 'ticker_sentiment_label': 'Somewhat-Bullish'}, {'ticker': 'PBF', 'relevance_score': '0.1789', 'ticker_sentiment_score': '0.085908', 'ticker_sentiment_label': 'Neutral'}, {'ticker': 'XOM', 'relevance_score': '0.549012', 'ticker_sentiment_score': '0.395051', 'ticker_sentiment_label': 'Bullish'}]}"
